Redirect 301 / https://v2.ictresearchmethods.nl/

Redirect 301 /library/best-good-and-bad-practices/ https://v2.ictresearchmethods.nl/library/best-good-and-bad-practices/
Redirect 301 /library/available-product-analysis/ https://v2.ictresearchmethods.nl/library/available-product-analysis/
Redirect 301 /library/community-research/ https://v2.ictresearchmethods.nl/library/community-research/
Redirect 301 /library/competitive-analysis/ https://v2.ictresearchmethods.nl/library/competitive-analysis/
Redirect 301 /library/expert-interview/ https://v2.ictresearchmethods.nl/library/expert-interview/
Redirect 301 /library/design-pattern-research/ https://v2.ictresearchmethods.nl/library/design-pattern-research/
Redirect 301 /library/literature-study/ https://v2.ictresearchmethods.nl/library/literature-study/
Redirect 301 /library/swot-analysis/ https://v2.ictresearchmethods.nl/library/swot-analysis/

Redirect 301 /field/document-analysis/ https://v2.ictresearchmethods.nl/field/document-analysis/
Redirect 301 /field/domain-moddeling/ https://v2.ictresearchmethods.nl/field/domain-moddeling/
Redirect 301 /field/explore-user-requirements/ https://v2.ictresearchmethods.nl/field/explore-user-requirements/
Redirect 301 /field/focus-group/ https://v2.ictresearchmethods.nl/field/focus-group/
Redirect 301 /field/interview/ https://v2.ictresearchmethods.nl/field/interview/
Redirect 301 /field/observation/ https://v2.ictresearchmethods.nl/field/observation/
Redirect 301 /field/problem-analysis/ https://v2.ictresearchmethods.nl/field/problem-analysis/
Redirect 301 /field/stakeholder-analysis/ https://v2.ictresearchmethods.nl/field/stakeholder-analysis/
Redirect 301 /field/survey/ https://v2.ictresearchmethods.nl/field/survey/
Redirect 301 /field/task-analysis/ https://v2.ictresearchmethods.nl/field/task-analysis/

Redirect 301 /lab/a-b-testing/ https://v2.ictresearchmethods.nl/lab/a-b-testing/
Redirect 301 /lab/component-test/ https://v2.ictresearchmethods.nl/lab/component-test/
Redirect 301 /lab/computer-simulation/ https://v2.ictresearchmethods.nl/lab/computer-simulation/
Redirect 301 /lab/data-analytics/ https://v2.ictresearchmethods.nl/lab/data-analytics/
Redirect 301 /lab/hardware-validation/ https://v2.ictresearchmethods.nl/lab/hardware-validation/
Redirect 301 /lab/non-functional-test/ https://v2.ictresearchmethods.nl/lab/non-functional-test/
Redirect 301 /lab/security-test/ https://v2.ictresearchmethods.nl/lab/security-test/
Redirect 301 /lab/system-test/ https://v2.ictresearchmethods.nl/lab/system-test/
Redirect 301 /lab/unit-test/ https://v2.ictresearchmethods.nl/lab/unit-test/
Redirect 301 /lab/usability-testing/ https://v2.ictresearchmethods.nl/lab/usability-testing/

Redirect 301 /showroom/benchmark-test/ https://v2.ictresearchmethods.nl/showroom/benchmark-test/
Redirect 301 /showroom/ethical_check/ https://v2.ictresearchmethods.nl/showroom/ethical_check/
Redirect 301 /showroom/guideline-conformity-analysis/ https://v2.ictresearchmethods.nl/showroom/guideline-conformity-analysis/
Redirect 301 /showroom/peer-review/ https://v2.ictresearchmethods.nl/showroom/peer-review/
Redirect 301 /showroom/pitch/ https://v2.ictresearchmethods.nl/showroom/pitch/
Redirect 301 /showroom/product-review/ https://v2.ictresearchmethods.nl/showroom/product-review/
Redirect 301 /showroom/static-program-analysis/ https://v2.ictresearchmethods.nl/showroom/static-program-analysis/

Redirect 301 /workshop/brainstorm/ https://v2.ictresearchmethods.nl/workshop/brainstorm/
Redirect 301 /workshop/business-case-exploration/ https://v2.ictresearchmethods.nl/workshop/business-case-exploration/
Redirect 301 /workshop/code-review/ https://v2.ictresearchmethods.nl/workshop/code-review/
Redirect 301 /workshop/decomposition/ https://v2.ictresearchmethods.nl/workshop/decomposition/
Redirect 301 /workshop/gap-analysis/ https://v2.ictresearchmethods.nl/workshop/gap-analysis/
Redirect 301 /workshop/it-architecture-sketching/ https://v2.ictresearchmethods.nl/workshop/it-architecture-sketching/
Redirect 301 /workshop/multi-criteria-decision-making/ https://v2.ictresearchmethods.nl/workshop/multi-criteria-decision-making/
Redirect 301 /workshop/prototyping/ https://v2.ictresearchmethods.nl/workshop/prototyping/
Redirect 301 /workshop/prioritization/ https://v2.ictresearchmethods.nl/workshop/prioritization/
Redirect 301 /workshop/root-cause-analysis/ https://v2.ictresearchmethods.nl/workshop/root-cause-analysis/

Redirect 301 /extra/joker/ https://v2.ictresearchmethods.nl/extra/joker/

ErrorDocument 404 /error.html
